user_id,name,email,registration_date,country,age
1,User_1,user1@example.com,2024-01-01,BY,56
2,User_2,user2@test.org,2024-01-02,RU,53
3,User_3,user3@company.ru,2024-01-03,UZ,44
4,User_4,user4@mail.com,2024-01-04,KZ,60
5,User_5,,2024-01-05,RU,24
6,User_6,user6@test.org,2024-01-06,AM,62
7,User_7,user7@company.ru,2024-01-07,BY,58
8,User_8,user8@mail.com,2024-01-08,BY,42
9,User_9,user9@example.com,2024-01-09,RU,53
10,User_10,user10@test.org,2024-01-10,RU,42
11,User_11,user11@company.ru,2024-01-11,RU,30
12,User_12,user12@mail.com,2024-01-12,UZ,56
13,User_13,user13@example.com,2024-01-13,KZ,29
14,User_14,user14@test.org,2024-01-14,UZ,33
15,User_15,user15@company.ru,2024-01-15,RU,42
16,User_16,user16@mail.com,2024-01-16,RU,58
17,User_17,user17@example.com,2024-01-17,KZ,36
18,User_18,,2024-01-18,RU,41
19,User_19,user19@company.ru,2024-01-19,UZ,19
20,User_20,user20@mail.com,2024-01-20,KZ,23
21,User_21,user21@example.com,2024-01-21,BY,20
22,User_22,user22@test.org,2024-01-22,RU,21
23,User_23,user23@company.ru,2024-01-23,AM,59
24,User_24,user24@mail.com,2024-01-24,UZ,58
25,User_25,user25@example.com,2024-01-25,BY,57
26,User_26,user26@test.org,2024-01-26,RU,20
27,User_27,user27@company.ru,2024-01-27,RU,21
28,User_28,user28@mail.com,2024-01-28,RU,31
29,User_29,user29@example.com,2024-01-29,RU,45
30,User_30,user30@test.org,2024-01-30,KZ,34
31,User_31,user31@company.ru,2024-01-31,BY,41
32,User_32,user32@mail.com,2024-02-01,AM,-3
33,User_33,user33@example.com,2024-02-02,RU,53
34,User_34,user34@test.org,2024-02-03,RU,33
35,User_35,user35@company.ru,2024-02-04,RU,21
36,User_36,user36@mail.com,2024-02-05,RU,53
37,User_37,user37@example.com,2024-02-06,RU,61
38,User_38,user38@test.org,2024-02-07,RU,18
39,User_39,user39@company.ru,2024-02-08,RU,38
40,User_40,user40@mail.com,2024-02-09,KZ,57
41,User_41,user41@example.com,2024-02-10,RU,51
42,User_42,user42@test.org,2024-02-11,UZ,59
43,User_43,user43@company.ru,2024-02-12,BY,37
44,User_44,user44@mail.com,2024-02-13,RU,35
45,User_45,user45@example.com,2024-02-14,UZ,52
46,User_46,user46@test.org,2024-02-15,BY,25
47,User_47,user47@company.ru,2024-02-16,RU,29
48,User_48,user48@mail.com,2024-02-17,RU,46
49,User_49,user49@example.com,2024-02-18,KZ,50
50,User_50,user50@test.org,2024-02-19,RU,23
51,User_51,user51@company.ru,2024-02-20,RU,42
52,User_52,user52@mail.com,2024-02-21,RU,35
53,User_53,user53@example.com,2024-02-22,BY,42
54,User_54,user54@test.org,2024-02-23,KZ,64
55,User_55,user55@company.ru,2024-02-24,BY,21
56,User_56,user56@mail.com,2024-02-25,BY,65
57,User_57,user57@example.com,2024-02-26,RU,39
58,User_58,user58@test.org,2024-02-27,KZ,55
59,User_59,user59@company.ru,2024-02-28,RU,38
60,User_60,user60@mail.com,2024-02-29,RU,32
61,User_61,user61@example.com,2024-03-01,KZ,54
62,User_62,user62@test.org,2024-03-02,RU,51
63,User_63,user63@company.ru,2024-03-03,KZ,24
64,User_64,user64@mail.com,2024-03-04,BY,51
65,User_65,user65@example.com,2024-03-05,KZ,54
66,User_66,user66@test.org,2024-03-06,KZ,36
67,User_67,user67@company.ru,2024-03-07,KZ,62
68,User_68,user68@mail.com,2024-03-08,RU,48
69,User_69,user69@example.com,2024-03-09,RU,34
70,User_70,user70@test.org,2024-03-10,RU,18
71,User_71,user71@company.ru,2024-03-11,RU,50
72,User_72,user72@mail.com,2024-03-12,RU,28
73,User_73,user73@example.com,2024-03-13,UZ,145
74,User_74,user74@test.org,2024-03-14,RU,43
75,User_75,user75@company.ru,2024-03-15,RU,40
76,User_76,user76@mail.com,2024-03-16,RU,25
77,User_77,user77@example.com,2024-03-17,RU,52
78,User_78,user78@test.org,2024-03-18,KZ,25
79,User_79,user79@company.ru,2024-03-19,KZ,38
80,User_80,user80@mail.com,2024-03-20,BY,58
81,User_81,user81@example.com,2024-03-21,KZ,62
82,User_82,user82@test.org,2024-03-22,RU,65
83,User_83,user83@company.ru,2024-03-23,BY,63
84,User_84,user84@mail.com,2024-03-24,RU,44
85,User_85,user85@example.com,2024-03-25,RU,27
86,User_86,user86@test.org,2024-03-26,RU,58
87,User_87,user87@company.ru,2024-03-27,BY,56
88,User_88,user88@mail.com,2024-03-28,RU,65
89,User_89,user89@example.com,2024-03-29,RU,49
90,User_90,user90@test.org,2024-03-30,RU,24
91,User_91,user91@company.ru,2024-03-31,RU,42
92,User_92,user92@mail.com,2024-04-01,KZ,39
93,User_93,user93@example.com,2024-04-02,RU,58
94,User_94,user94@test.org,2024-04-03,RU,36
95,User_95,user95@company.ru,2024-04-04,RU,33
96,User_96,user96@mail.com,2024-04-05,KZ,21
97,User_97,user97@example.com,2024-04-06,RU,58
98,User_98,user98@test.org,2024-04-07,RU,54
99,User_99,user99@company.ru,2024-04-08,RU,19
100,User_100,user100@mail.com,2024-04-09,AM,38
101,User_101,user101@example.com,2024-04-10,UZ,41
102,User_102,user102@test.org,2024-04-11,KZ,40
103,User_103,user103@company.ru,2024-04-12,RU,62
104,User_104,user104@mail.com,2024-04-13,AM,25
105,User_105,user105@example.com,2024-04-14,BY,32
106,User_106,user106@test.org,2024-04-15,BY,26
107,User_107,user107@company.ru,2024-04-16,RU,29
108,User_108,user108@mail.com,2024-04-17,RU,61
109,User_109,user109@example.com,2024-04-18,RU,63
110,User_110,user110@test.org,2024-04-19,UZ,20
111,User_111,user111@company.ru,2024-04-20,RU,48
112,User_112,user112@mail.com,2024-04-21,RU,29
113,User_113,user113@example.com,2024-04-22,RU,27
114,User_114,user114@test.org,2024-04-23,KZ,32
115,User_115,user115@company.ru,2024-04-24,RU,27
116,User_116,user116@mail.com,2024-04-25,UZ,41
117,User_117,user117@example.com,2024-04-26,BY,65
118,User_118,user118@test.org,2024-04-27,BY,46
119,User_119,user119@company.ru,2024-04-28,RU,52
120,User_120,user120@mail.com,2024-04-29,KZ,41
121,User_121,user121@example.com,2024-04-30,,18
122,User_122,user122@test.org,2024-05-01,KZ,22
123,User_123,user123@company.ru,2024-05-02,RU,30
124,User_124,user124@mail.com,2024-05-03,RU,29
125,User_125,user125@example.com,2024-05-04,RU,58
126,User_126,user126@test.org,2024-05-05,RU,58
127,User_127,user127@company.ru,2024-05-06,RU,58
128,User_128,user128@mail.com,2024-05-07,RU,48
129,User_129,user129@example.com,2024-05-08,RU,44
130,User_130,user130@test.org,2024-05-09,KZ,49
131,User_131,user131@company.ru,2024-05-10,RU,37
132,User_132,user132@mail.com,2024-05-11,UZ,50
133,User_133,user133@example.com,2024-05-12,KZ,56
134,User_134,user134@test.org,2024-05-13,RU,54
135,User_135,user135@company.ru,2024-05-14,KZ,47
136,User_136,user136@mail.com,2024-05-15,RU,20
137,User_137,user137@example.com,2024-05-16,AM,52
138,User_138,user138@test.org,2024-05-17,RU,35
139,User_139,user139@company.ru,2024-05-18,BY,53
140,User_140,user140@mail.com,2024-05-19,RU,43
141,User_141,user141@example.com,2024-05-20,RU,60
142,User_142,user142@test.org,2024-05-21,RU,34
143,User_143,user143@company.ru,2024-05-22,UZ,62
144,User_144,user144@mail.com,2024-05-23,KZ,58
145,User_145,user145@example.com,2024-05-24,RU,33
146,User_146,user146@test.org,2024-05-25,RU,41
147,User_147,user147@company.ru,2024-05-26,RU,43
148,User_148,user148@mail.com,2024-05-27,RU,54
149,User_149,user149@example.com,2024-05-28,RU,51
150,User_150,user150@test.org,2024-05-29,RU,58
151,User_151,user151@company.ru,2024-05-30,UZ,35
152,User_152,user152@mail.com,2024-05-31,UZ,42
153,User_153,user153@example.com,2024-06-01,RU,38
154,User_154,user154@test.org,2024-06-02,KZ,61
155,User_155,user155@company.ru,2024-06-03,RU,32
156,User_156,user156@mail.com,2024-06-04,KZ,46
157,User_157,user157@example.com,2024-06-05,RU,23
158,User_158,user158@test.org,2024-06-06,KZ,58
159,User_159,user159@company.ru,2024-06-07,BY,36
160,User_160,user160@mail.com,2024-06-08,BY,34
161,User_161,user161@example.com,2024-06-09,RU,45
162,User_162,user162@test.org,2024-06-10,UZ,41
163,User_163,user163@company.ru,2024-06-11,RU,58
164,User_164,user164@mail.com,2024-06-12,RU,43
165,User_165,user165@example.com,2024-06-13,KZ,42
166,User_166,user166@test.org,2024-06-14,RU,23
167,User_167,user167@company.ru,2024-06-15,UZ,19
168,User_168,user168@mail.com,2024-06-16,BY,37
169,User_169,user169@example.com,2024-06-17,RU,65
170,User_170,user170@test.org,2024-06-18,AM,62
171,User_171,user171@company.ru,2024-06-19,RU,48
172,User_172,user172@mail.com,2024-06-20,RU,48
173,User_173,user173@example.com,2024-06-21,RU,36
174,User_174,user174@test.org,2024-06-22,UZ,26
175,User_175,user175@company.ru,2024-06-23,RU,18
176,User_176,user176@mail.com,2024-06-24,RU,34
177,User_177,user177@example.com,2024-06-25,RU,33
178,User_178,user178@test.org,2024-06-26,AM,27
179,User_179,user179@company.ru,2024-06-27,UZ,30
180,User_180,user180@mail.com,2024-06-28,BY,19
181,User_181,user181@example.com,2024-06-29,UZ,47
182,User_182,user182@test.org,2024-06-30,UZ,62
183,User_183,user183@company.ru,2024-07-01,RU,51
184,User_184,user184@mail.com,2024-07-02,RU,39
185,User_185,user185@example.com,2024-07-03,BY,38
186,User_186,user186@test.org,2024-07-04,KZ,32
187,User_187,user187@company.ru,2024-07-05,RU,24
188,User_188,user188@mail.com,2024-07-06,RU,46
189,User_189,user189@example.com,2024-07-07,BY,45
190,User_190,user190@test.org,2024-07-08,RU,18
191,User_191,user191@company.ru,2024-07-09,UZ,37
192,User_192,user192@mail.com,2024-07-10,RU,31
193,User_193,user193@example.com,2024-07-11,RU,26
194,User_194,user194@test.org,2024-07-12,UZ,51
195,User_195,user195@company.ru,2024-07-13,RU,43
196,User_196,user196@mail.com,2024-07-14,RU,48
197,User_197,user197@example.com,2024-07-15,KZ,52
198,User_198,user198@test.org,2024-07-16,UZ,65
199,User_199,user199@company.ru,2024-07-17,RU,56
200,User_200,user200@mail.com,2024-07-18,RU,47
201,User_201,user201@example.com,2024-07-19,BY,60
202,User_202,user202@test.org,2024-07-20,AM,40
203,User_203,user203@company.ru,2024-07-21,RU,65
204,User_204,user204@mail.com,2024-07-22,RU,54
205,User_205,user205@example.com,2024-07-23,RU,49
206,User_206,user206@test.org,2024-07-24,RU,61
207,User_207,user207@company.ru,2024-07-25,RU,42
208,User_208,user208@mail.com,2024-07-26,KZ,52
209,User_209,user209@example.com,2024-07-27,RU,31
210,User_210,user210@test.org,2024-07-28,RU,64
211,User_211,user211@company.ru,2024-07-29,KZ,47
212,User_212,user212@mail.com,2024-07-30,KZ,55
213,User_213,user213@example.com,2024-07-31,RU,40
214,User_214,user214@test.org,2024-08-01,BY,59
215,User_215,user215@company.ru,2024-08-02,BY,21
216,User_216,user216@mail.com,2024-08-03,BY,23
217,User_217,user217@example.com,2024-08-04,RU,42
218,User_218,user218@test.org,2024-08-05,RU,53
219,User_219,user219@company.ru,2024-08-06,UZ,56
220,User_220,user220@mail.com,2024-08-07,RU,39
221,User_221,user221@example.com,2024-08-08,RU,49
222,User_222,user222@test.org,2024-08-09,RU,44
223,User_223,user223@company.ru,2024-08-10,KZ,64
224,User_224,user224@mail.com,2024-08-11,AM,49
225,User_225,user225@example.com,2024-08-12,RU,38
226,User_226,user226@test.org,2024-08-13,UZ,64
227,User_227,user227@company.ru,2024-08-14,RU,23
228,User_228,user228@mail.com,2024-08-15,KZ,65
229,User_229,user229@example.com,2024-08-16,KZ,25
230,User_230,user230@test.org,2024-08-17,RU,31
231,User_231,user231@company.ru,2024-08-18,RU,57
232,User_232,user232@mail.com,2024-08-19,RU,53
233,User_233,user233@example.com,2024-08-20,AM,64
234,User_234,user234@test.org,2024-08-21,KZ,53
235,User_235,user235@company.ru,2024-08-22,UZ,48
236,User_236,user236@mail.com,2024-08-23,BY,34
237,User_237,user237@example.com,2024-08-24,RU,18
238,User_238,user238@test.org,2024-08-25,BY,23
239,User_239,user239@company.ru,2024-08-26,RU,32
240,User_240,user240@mail.com,2024-08-27,RU,19
241,User_241,user241@example.com,2024-08-28,UZ,42
242,User_242,user242@test.org,2024-08-29,BY,55
243,User_243,user243@company.ru,2024-08-30,RU,64
244,User_244,user244@mail.com,2024-08-31,RU,41
245,User_245,user245@example.com,2024-09-01,KZ,60
246,User_246,user246@test.org,2024-09-02,UZ,65
247,User_247,user247@company.ru,2024-09-03,KZ,59
248,User_248,user248@mail.com,2024-09-04,RU,40
249,User_249,user249@example.com,2024-09-05,RU,33
250,User_250,user250@test.org,2024-09-06,RU,64
251,User_251,user101@example.com,2024-09-07,KZ,29
252,User_252,user252@mail.com,2024-09-08,UZ,37
253,User_253,user253@example.com,2024-09-09,RU,21
254,User_254,user254@test.org,2024-09-10,RU,56
255,User_255,user255@company.ru,2024-09-11,RU,49
256,User_256,user256@mail.com,2024-09-12,BY,22
257,User_257,user257@example.com,2024-09-13,BY,28
258,User_258,user258@test.org,2024-09-14,RU,44
259,User_259,user259@company.ru,2024-09-15,RU,43
260,User_260,user260@mail.com,2024-09-16,KZ,56
261,User_261,user261@example.com,2024-09-17,RU,30
262,User_262,user262@test.org,2024-09-18,UZ,62
263,User_263,user263@company.ru,2024-09-19,RU,39
264,User_264,user264@mail.com,2024-09-20,RU,57
265,User_265,user265@example.com,2024-09-21,UZ,29
266,User_266,user266@test.org,2024-09-22,RU,19
267,User_267,user267@company.ru,2024-09-23,RU,20
268,User_268,user268@mail.com,2024-09-24,RU,35
269,User_269,user269@example.com,2024-09-25,RU,63
270,User_270,user270@test.org,2024-09-26,RU,20
271,User_271,user271@company.ru,2024-09-27,RU,35
272,User_272,user272@mail.com,2024-09-28,RU,23
273,User_273,user273@example.com,2024-09-29,RU,62
274,User_274,user274@test.org,2024-09-30,KZ,50
275,User_275,user275@company.ru,2024-10-01,KZ,54
276,User_276,user276@mail.com,2024-10-02,RU,52
277,User_277,user277@example.com,2024-10-03,RU,49
278,User_278,user278@test.org,2024-10-04,RU,55
279,User_279,user279@company.ru,2024-10-05,UZ,18
280,User_280,user280@mail.com,2024-10-06,UZ,59
281,User_281,user281@example.com,2024-10-07,RU,53
282,User_282,user282@test.org,2024-10-08,RU,53
283,User_283,user283@company.ru,2024-10-09,RU,36
284,User_284,user284@mail.com,2024-10-10,RU,56
285,User_285,user285@example.com,2024-10-11,KZ,36
286,User_286,user286@test.org,2024-10-12,RU,20
287,User_287,user287@company.ru,2024-10-13,RU,61
288,User_288,user288@mail.com,2024-10-14,RU,29
289,User_289,user289@example.com,2024-10-15,RU,22
290,User_290,user290@test.org,2024-10-16,RU,47
291,User_291,user291@company.ru,2024-10-17,UZ,29
292,User_292,user292@mail.com,2024-10-18,RU,59
293,User_293,user293@example.com,2024-10-19,UZ,39
294,User_294,user294@test.org,2024-10-20,RU,18
295,User_295,user295@company.ru,2024-10-21,UZ,63
296,User_296,user296@mail.com,2024-10-22,UZ,42
297,User_297,user297@example.com,2024-10-23,AM,30
298,User_298,user298@test.org,2024-10-24,BY,50
299,User_299,user299@company.ru,2024-10-25,BY,43
300,User_300,user300@mail.com,2024-10-26,KZ,19
301,User_301,user101@example.com,2024-10-27,BY,54
302,User_302,user302@test.org,2024-10-28,RU,37
303,User_303,user303@company.ru,2024-10-29,RU,51
304,User_304,user304@mail.com,2024-10-30,RU,60
305,User_305,user305@example.com,2024-10-31,UZ,47
306,User_306,user306@test.org,2024-11-01,RU,50
307,User_307,user307@company.ru,2024-11-02,RU,30
308,User_308,user308@mail.com,2024-11-03,KZ,29
309,User_309,user309@example.com,2024-11-04,RU,37
310,User_310,user310@test.org,2024-11-05,RU,58
311,User_311,user311@company.ru,2024-11-06,RU,43
312,User_312,user312@mail.com,2024-11-07,RU,34
313,User_313,user313@example.com,2024-11-08,RU,55
314,User_314,user314@test.org,2024-11-09,RU,58
315,User_315,user315@company.ru,2024-11-10,RU,61
316,User_316,user316@mail.com,2024-11-11,RU,32
317,User_317,user317@example.com,2024-11-12,RU,52
318,User_318,user318@test.org,2024-11-13,KZ,46
319,User_319,user319@company.ru,2024-11-14,RU,39
320,User_320,user320@mail.com,2024-11-15,AM,37
321,User_321,user321@example.com,2024-11-16,UZ,23
322,User_322,user322@test.org,2024-11-17,RU,31
323,User_323,user323@company.ru,2024-11-18,RU,44
324,User_324,user324@mail.com,2024-11-19,RU,60
325,User_325,user325@example.com,2024-11-20,UZ,59
326,User_326,user326@test.org,2024-11-21,KZ,27
327,User_327,user327@company.ru,2024-11-22,BY,50
328,User_328,user328@mail.com,2024-11-23,RU,22
329,User_329,user329@example.com,2024-11-24,KZ,50
330,User_330,user330@test.org,2024-11-25,RU,34
331,User_331,user331@company.ru,2024-11-26,BY,39
332,User_332,user332@mail.com,2024-11-27,RU,52
333,User_333,user333@example.com,2024-11-28,KZ,38
334,User_334,user334@test.org,2024-11-29,UZ,56
335,User_335,user335@company.ru,2024-11-30,RU,43
336,User_336,user336@mail.com,2024-12-01,KZ,65
337,User_337,user337@example.com,2024-12-02,RU,48
338,User_338,user338@test.org,2024-12-03,BY,32
339,User_339,user339@company.ru,2024-12-04,RU,55
340,User_340,user340@mail.com,2024-12-05,UZ,37
341,User_341,user341@example.com,2024-12-06,RU,43
342,User_342,user342@test.org,2024-12-07,AM,24
343,User_343,user343@company.ru,2024-12-08,BY,23
344,User_344,user344@mail.com,2024-12-09,KZ,45
345,User_345,user345@example.com,2024-12-10,BY,26
346,User_346,user346@test.org,2024-12-11,BY,65
347,User_347,user347@company.ru,2024-12-12,AM,59
348,User_348,user348@mail.com,2024-12-13,RU,51
349,User_349,user349@example.com,2024-12-14,KZ,53
350,User_350,user350@test.org,2024-12-15,RU,46
351,User_351,user351@company.ru,2024-12-16,KZ,20
352,User_352,user352@mail.com,2024-12-17,RU,36
353,User_353,user353@example.com,2024-12-18,KZ,41
354,User_354,user354@test.org,2024-12-19,KZ,61
355,User_355,user355@company.ru,2024-12-20,RU,28
356,User_356,user356@mail.com,2024-12-21,RU,41
357,User_357,user357@example.com,2024-12-22,BY,34
358,User_358,user358@test.org,2024-12-23,BY,24
359,User_359,user359@company.ru,2024-12-24,RU,22
360,User_360,user360@mail.com,2024-12-25,KZ,35
361,User_361,user361@example.com,2024-12-26,UZ,21
362,User_362,user362@test.org,2024-12-27,RU,21
363,User_363,user363@company.ru,2024-12-28,RU,34
364,User_364,user364@mail.com,2024-12-29,RU,27
365,User_365,user365@example.com,2024-12-30,KZ,44
366,User_366,user366@test.org,2024-12-31,RU,18
367,User_367,user367@company.ru,2025-01-01,BY,32
368,User_368,user368@mail.com,2025-01-02,KZ,39
369,User_369,user369@example.com,2025-01-03,RU,64
370,User_370,user370@test.org,2025-01-04,UZ,48
371,User_371,user371@company.ru,2025-01-05,BY,60
372,User_372,user372@mail.com,2025-01-06,RU,34
373,User_373,user373@example.com,2025-01-07,RU,39
374,User_374,user374@test.org,2025-01-08,RU,38
375,User_375,user375@company.ru,2025-01-09,RU,60
376,User_376,user376@mail.com,2025-01-10,RU,64
377,User_377,user377@example.com,2025-01-11,UZ,64
378,User_378,user378@test.org,2025-01-12,RU,54
379,User_379,user379@company.ru,2025-01-13,RU,42
380,User_380,user380@mail.com,2025-01-14,BY,43
381,User_381,user381@example.com,2025-01-15,KZ,65
382,User_382,user382@test.org,2025-01-16,UZ,31
383,User_383,user383@company.ru,2025-01-17,BY,34
384,User_384,user384@mail.com,2025-01-18,RU,61
385,User_385,user385@example.com,2025-01-19,RU,36
386,User_386,user386@test.org,2025-01-20,AM,29
387,User_387,user387@company.ru,2025-01-21,BY,44
388,User_388,user388@mail.com,2025-01-22,AM,33
389,User_389,user389@example.com,2025-01-23,RU,60
390,User_390,user390@test.org,2025-01-24,UZ,61
391,User_391,user391@company.ru,2025-01-25,KZ,32
392,User_392,user392@mail.com,2025-01-26,RU,43
393,User_393,user393@example.com,2025-01-27,KZ,65
394,User_394,user394@test.org,2025-01-28,KZ,53
395,User_395,user395@company.ru,2025-01-29,RU,28
396,User_396,user396@mail.com,2025-01-30,RU,46
397,User_397,user397@example.com,2025-01-31,UZ,47
398,User_398,user398@test.org,2025-02-01,RU,49
399,User_399,user399@company.ru,2025-02-02,RU,19
400,User_400,user400@mail.com,2025-02-03,RU,32
401,User_401,user401@example.com,2025-02-04,RU,59
402,User_402,user402@test.org,2025-02-05,UZ,29
403,User_403,user403@company.ru,2025-02-06,BY,32
404,User_404,user404@mail.com,2025-02-07,RU,33
405,User_405,user405@example.com,2025-02-08,AM,26
406,User_406,user406@test.org,2025-02-09,UZ,25
407,User_407,user407@company.ru,2025-02-10,RU,34
408,User_408,user408@mail.com,2025-02-11,UZ,59
409,User_409,user409@example.com,2025-02-12,RU,18
410,User_410,user410@test.org,2025-02-13,AM,31
411,User_411,user411@company.ru,2025-02-14,KZ,20
412,User_412,user412@mail.com,2025-02-15,KZ,44
413,User_413,user413@example.com,2025-02-16,RU,30
414,User_414,user414@test.org,2025-02-17,UZ,56
415,User_415,user415@company.ru,2025-02-18,RU,46
416,User_416,user416@mail.com,2025-02-19,RU,55
417,User_417,user417@example.com,2025-02-20,RU,48
418,User_418,user418@test.org,2025-02-21,BY,39
419,User_419,user419@company.ru,2025-02-22,RU,59
420,User_420,user420@mail.com,2025-02-23,UZ,40
421,User_421,user421@example.com,2025-02-24,KZ,63
422,User_422,user422@test.org,2025-02-25,RU,65
423,User_423,user423@company.ru,2025-02-26,RU,46
424,User_424,user424@mail.com,2025-02-27,RU,50
425,User_425,user425@example.com,2025-02-28,KZ,30
426,User_426,user426@test.org,2025-03-01,BY,57
427,User_427,user427@company.ru,2025-03-02,RU,50
428,User_428,user428@mail.com,2025-03-03,UZ,61
429,User_429,user429@example.com,2025-03-04,RU,30
430,User_430,user430@test.org,2025-03-05,BY,55
431,User_431,user431@company.ru,2025-03-06,UZ,40
432,User_432,user432@mail.com,2025-03-07,BY,26
433,User_433,user433@example.com,2025-03-08,KZ,26
434,User_434,user434@test.org,2025-03-09,UZ,44
435,User_435,user435@company.ru,2025-03-10,RU,33
436,User_436,user436@mail.com,2025-03-11,RU,22
437,User_437,user437@example.com,2025-03-12,RU,38
438,User_438,user438@test.org,2025-03-13,RU,49
439,User_439,user439@company.ru,2025-03-14,BY,33
440,User_440,user440@mail.com,2025-03-15,KZ,63
441,User_441,user441@example.com,2025-03-16,UZ,55
442,User_442,user442@test.org,2025-03-17,RU,42
443,User_443,user443@company.ru,2025-03-18,BY,62
444,User_444,user444@mail.com,2025-03-19,RU,38
445,User_445,user445@example.com,2025-03-20,RU,24
446,User_446,user446@test.org,2025-03-21,BY,19
447,User_447,user447@company.ru,2025-03-22,AM,63
448,User_448,user448@mail.com,2025-03-23,KZ,64
449,User_449,user449@example.com,2025-03-24,RU,53
450,User_450,user450@test.org,2025-03-25,KZ,22
451,User_451,user451@company.ru,2025-03-26,RU,32
452,User_452,user452@mail.com,2025-03-27,UZ,19
453,User_453,user453@example.com,2025-03-28,BY,20
454,User_454,user454@test.org,2025-03-29,RU,29
455,User_455,user455@company.ru,2025-03-30,RU,45
456,User_456,user456@mail.com,2025-03-31,RU,21
457,User_457,user457@example.com,2025-04-01,AM,65
458,User_458,user458@test.org,2025-04-02,RU,39
459,User_459,user459@company.ru,2025-04-03,BY,30
460,User_460,user460@mail.com,2025-04-04,KZ,42
461,User_461,user461@example.com,2025-04-05,KZ,55
462,User_462,user462@test.org,2025-04-06,RU,33
463,User_463,user463@company.ru,2025-04-07,AM,20
464,User_464,user464@mail.com,2025-04-08,RU,20
465,User_465,user465@example.com,2025-04-09,KZ,58
466,User_466,user466@test.org,2025-04-10,KZ,23
467,User_467,user467@company.ru,2025-04-11,KZ,48
468,User_468,user468@mail.com,2025-04-12,AM,36
469,User_469,user469@example.com,2025-04-13,RU,55
470,User_470,user470@test.org,2025-04-14,RU,20
471,User_471,user471@company.ru,2025-04-15,RU,61
472,User_472,user472@mail.com,2025-04-16,RU,51
473,User_473,user473@example.com,2025-04-17,RU,39
474,User_474,user474@test.org,2025-04-18,RU,27
475,User_475,user475@company.ru,2025-04-19,RU,64
476,User_476,user476@mail.com,2025-04-20,RU,32
477,User_477,user477@example.com,2025-04-21,RU,41
478,User_478,user478@test.org,2025-04-22,KZ,36
479,User_479,user479@company.ru,2025-04-23,KZ,29
480,User_480,user480@mail.com,2025-04-24,RU,37
481,User_481,user481@example.com,2025-04-25,RU,25
482,User_482,user482@test.org,2025-04-26,RU,18
483,User_483,user483@company.ru,2025-04-27,KZ,31
484,User_484,user484@mail.com,2025-04-28,RU,23
485,User_485,user485@example.com,2025-04-29,RU,37
486,User_486,user486@test.org,2025-04-30,RU,59
487,User_487,user487@company.ru,2025-05-01,RU,25
488,User_488,user488@mail.com,2025-05-02,RU,18
489,User_489,user489@example.com,2025-05-03,KZ,23
490,User_490,user490@test.org,2025-05-04,KZ,42
491,User_491,user491@company.ru,2025-05-05,BY,31
492,User_492,user492@mail.com,2025-05-06,KZ,41
493,User_493,user493@example.com,2025-05-07,KZ,19
494,User_494,user494@test.org,2025-05-08,RU,33
495,User_495,user495@company.ru,2025-05-09,BY,37
496,User_496,user496@mail.com,2025-05-10,RU,38
497,User_497,user497@example.com,2025-05-11,RU,44
498,User_498,user498@test.org,2025-05-12,KZ,55
499,User_499,user499@company.ru,2025-05-13,RU,40
500,User_500,user500@mail.com,2025-05-14,RU,58
